{
	"info": {
		"_postman_id": "7f76a3ac-9ba2-488c-808a-c32299e059fe",
		"name": "mail-n-ar",
		"schema": "https://schema.getpostman.com/json/collection/v2.1.0/collection.json"
	},
	"item": [
		{
			"name": "Rate Request",
			"request": {
				"method": "POST",
				"header": [],
				"body": {
					"mode": "raw",
					"raw": "{\r\n    \"shipper\": {\r\n        \"address\": {\r\n            \"postalCode\": 8099,\r\n            \"countryCode\": \"CH\"\r\n        }\r\n    },\r\n    \"recipient\": {\r\n        \"address\": {\r\n            \"postalCode\": 2116,\r\n            \"countryCode\": \"AU\"\r\n        }\r\n    },\r\n    \"shipDateStamp\": \"2022-05-06\",\r\n    \"pickupType\": \"DROPOFF_AT_FEDEX_LOCATION\",\r\n    \"serviceType\": \"INTERNATIONAL_PRIORITY\",\r\n    \"weight\": {\r\n        \"units\": \"LB\",\r\n        \"value\": 11\r\n    }\r\n}",
					"options": {
						"raw": {
							"language": "json"
						}
					}
				},
				"url": {
					"raw": "http://localhost:5000/mail/request_rate/international_return_rate_quotes",
					"protocol": "http",
					"host": [
						"localhost"
					],
					"port": "5000",
					"path": [
						"mail",
						"request_rate",
						"international_return_rate_quotes"
					]
				}
			},
			"response": []
		},
		{
			"name": "US-domestic-rate-shop",
			"request": {
				"method": "POST",
				"header": [],
				"body": {
					"mode": "raw",
					"raw": "{\r\n    \"shipper\": {\r\n        \"address\": {\r\n            \"postalCode\": 65247,\r\n            \"countryCode\": \"US\"\r\n        }\r\n    },\r\n    \"recipient\": {\r\n        \"address\": {\r\n            \"postalCode\": 75063,\r\n            \"countryCode\": \"US\"\r\n        }\r\n    },\r\n    \"weight\": {\r\n        \"units\": \"LB\",\r\n        \"value\": 10\r\n    }\r\n}",
					"options": {
						"raw": {
							"language": "json"
						}
					}
				},
				"url": {
					"raw": "http://localhost:5000/mail/request_rate/US-domestic-rate-shop",
					"protocol": "http",
					"host": [
						"localhost"
					],
					"port": "5000",
					"path": [
						"mail",
						"request_rate",
						"US-domestic-rate-shop"
					]
				}
			},
			"response": []
		},
		{
			"name": "test",
			"request": {
				"method": "POST",
				"header": [],
				"body": {
					"mode": "raw",
					"raw": ""
				},
				"url": {
					"raw": "http://localhost:5000/mail/request_rate/US-domestic-rate-shop",
					"protocol": "http",
					"host": [
						"localhost"
					],
					"port": "5000",
					"path": [
						"mail",
						"request_rate",
						"US-domestic-rate-shop"
					]
				}
			},
			"response": []
		},
		{
			"name": "Craete Shipment International",
			"request": {
				"method": "POST",
				"header": [],
				"body": {
					"mode": "raw",
					"raw": "{\r\n    \"shipper\": {\r\n        \"contact\": {\r\n            \"personName\": \"Hassan\",\r\n            \"phoneNumber\": 1234567890\r\n        },\r\n        \"address\": {\r\n            \"streetLines\": [\r\n                \"SHIPPER STREET LINE 1\"\r\n            ],\r\n            \"city\": \"Memphis\",\r\n            \"stateOrProvinceCode\": \"TN\",\r\n            \"countryCode\": \"US\"\r\n        }\r\n    },\r\n    \"recipients\": [\r\n        {\r\n            \"contact\": {\r\n                \"personName\": \"Omair\",\r\n                \"phoneNumber\": 1234567890\r\n            },\r\n            \"address\": {\r\n                \"streetLines\": [\r\n                    \"SHIPPER STREET LINE 1\",\r\n                    \"RECIPIENT STREET LINE 2\",\r\n                    \"RECIPIENT STREET LINE 3\"\r\n                ],\r\n                \"city\": \"RICHMOND\",\r\n                \"stateOrProvinceCode\": \"BC\",\r\n                \"countryCode\": \"CA\"\r\n            }\r\n        }\r\n    ],\r\n    \"shipDatestamp\": \"2020-07-03\"\r\n}",
					"options": {
						"raw": {
							"language": "json"
						}
					}
				},
				"url": {
					"raw": "http://localhost:5000/mail/create_shipment/international_shipment",
					"protocol": "http",
					"host": [
						"localhost"
					],
					"port": "5000",
					"path": [
						"mail",
						"create_shipment",
						"international_shipment"
					]
				}
			},
			"response": []
		},
		{
			"name": "Craete Shipment US Domestic",
			"request": {
				"method": "POST",
				"header": [],
				"body": {
					"mode": "raw",
					"raw": "{\r\n    \"shipper\": {\r\n        \"contact\": {\r\n            \"personName\": \"SHIPPER NAME\",\r\n            \"phoneNumber\": 1234567890\r\n        },\r\n        \"address\": {\r\n            \"streetLines\": [\r\n                \"SHIPPER STREET LINE 1\"\r\n            ],\r\n            \"city\": \"HARRISON\",\r\n            \"stateOrProvinceCode\": \"AR\",\r\n            \"postalCode\": 72601,\r\n            \"countryCode\": \"US\"\r\n        }\r\n    },\r\n    \"recipients\": \r\n        {\r\n            \"contact\": {\r\n                \"personName\": \"RECIPIENT NAME\",\r\n                \"phoneNumber\": 1234567890\r\n            },\r\n            \"address\": {\r\n                \"streetLines\": [\r\n                    \"RECIPIENT STREET LINE 1\",\r\n                    \"RECIPIENT STREET LINE 2\"\r\n                ],\r\n                \"city\": \"Collierville\",\r\n                \"stateOrProvinceCode\": \"TN\",\r\n                \"postalCode\": 38017,\r\n                \"countryCode\": \"US\"\r\n            }\r\n        }\r\n   ,\r\n    \"shipDatestamp\": \"2022-05-06\",\r\n    \"serviceType\": \"PRIORITY_OVERNIGHT\",\r\n    \"packagingType\": \"FEDEX_ENVELOPE\",\r\n    \"pickupType\": \"USE_SCHEDULED_PICKUP\",\r\n    \"weight\": {\r\n        \"value\": 1,\r\n        \"units\": \"LB\"\r\n    }\r\n}",
					"options": {
						"raw": {
							"language": "json"
						}
					}
				},
				"url": {
					"raw": "http://localhost:5000/mail/create_shipment/US_domestic_return_label",
					"protocol": "http",
					"host": [
						"localhost"
					],
					"port": "5000",
					"path": [
						"mail",
						"create_shipment",
						"US_domestic_return_label"
					]
				}
			},
			"response": []
		},
		{
			"name": "Payment checkout",
			"request": {
				"method": "POST",
				"header": [],
				"body": {
					"mode": "raw",
					"raw": "{\r\n    \"items\": [\r\n        {\r\n            \"name\": \"bat\",\r\n            \"priceInDollar\": 20,\r\n            \"quantity\": 1\r\n        },\r\n        {\r\n            \"name\": \"ball\",\r\n            \"priceInDollar\": 1,\r\n            \"quantity\": 2\r\n        }\r\n    ]\r\n}",
					"options": {
						"raw": {
							"language": "json"
						}
					}
				},
				"url": {
					"raw": "http://localhost:5000/payment/checkout",
					"protocol": "http",
					"host": [
						"localhost"
					],
					"port": "5000",
					"path": [
						"payment",
						"checkout"
					]
				}
			},
			"response": []
		},
		{
			"name": "Save Orders",
			"request": {
				"method": "POST",
				"header": [],
				"body": {
					"mode": "raw",
					"raw": "{\r\n    \"uid\": \"WNaagmVShQYU4at5ZEaoo1WdLTE2\",\r\n    \"transactionId\": \"e2f6c9aa-af1e-4930-84b2-67696879df0f\",\r\n    \"order\": {\r\n        \"data\": \"this is data\"\r\n    }\r\n}",
					"options": {
						"raw": {
							"language": "json"
						}
					}
				},
				"url": {
					"raw": "http://localhost:5000/user/save_order",
					"protocol": "http",
					"host": [
						"localhost"
					],
					"port": "5000",
					"path": [
						"user",
						"save_order"
					]
				}
			},
			"response": []
		},
		{
			"name": "get my Order",
			"request": {
				"method": "GET",
				"header": [],
				"url": {
					"raw": "http://localhost:5000/user/get_orders?uid=WNaagmVShQYU4at5ZEaoo1WdLTE2&transactionId=e2f6c9aa-af1e-4930-84b2-67696879df0f",
					"protocol": "http",
					"host": [
						"localhost"
					],
					"port": "5000",
					"path": [
						"user",
						"get_orders"
					],
					"query": [
						{
							"key": "uid",
							"value": "WNaagmVShQYU4at5ZEaoo1WdLTE2"
						},
						{
							"key": "transactionId",
							"value": "e2f6c9aa-af1e-4930-84b2-67696879df0f"
						}
					]
				}
			},
			"response": []
		},
		{
			"name": "delete my order",
			"request": {
				"method": "GET",
				"header": [],
				"url": {
					"raw": "http://localhost:5000/user/get_orders?uid=WNaagmVShQYU4at5ZEaoo1WdLTE2&transactionId=e2f6c9aa-af1e-4930-84b2-67696879df0f",
					"protocol": "http",
					"host": [
						"localhost"
					],
					"port": "5000",
					"path": [
						"user",
						"get_orders"
					],
					"query": [
						{
							"key": "uid",
							"value": "WNaagmVShQYU4at5ZEaoo1WdLTE2"
						},
						{
							"key": "transactionId",
							"value": "e2f6c9aa-af1e-4930-84b2-67696879df0f"
						}
					]
				}
			},
			"response": []
		},
		{
			"name": "edit my order",
			"request": {
				"method": "PUT",
				"header": [],
				"body": {
					"mode": "raw",
					"raw": "{\r\n    \"uid\": \"WNaagmVShQYU4at5ZEaoo1WdLTE2\",\r\n    \"transactionId\" : \"e2f6c9aa-af1e-4930-84b2-67696879df0f\"\r\n}",
					"options": {
						"raw": {
							"language": "json"
						}
					}
				},
				"url": {
					"raw": "http://localhost:5000/user/get_orders",
					"protocol": "http",
					"host": [
						"localhost"
					],
					"port": "5000",
					"path": [
						"user",
						"get_orders"
					],
					"query": [
						{
							"key": "",
							"value": "",
							"disabled": true
						},
						{
							"key": "",
							"value": "",
							"disabled": true
						}
					]
				}
			},
			"response": []
		},
		{
			"name": "Register",
			"request": {
				"method": "POST",
				"header": [],
				"body": {
					"mode": "raw",
					"raw": "{\r\n    \"fullName\": \"Hassan Sohail\",\r\n    \"email\": \"gokulast14@gmail.com\",\r\n    \"password\": \"pAss1234!@\"\r\n}",
					"options": {
						"raw": {
							"language": "json"
						}
					}
				},
				"url": {
					"raw": "http://localhost:5000/auth/register",
					"protocol": "http",
					"host": [
						"localhost"
					],
					"port": "5000",
					"path": [
						"auth",
						"register"
					]
				}
			},
			"response": []
		}
	]
}