{
	"info": {
		"_postman_id": "7f76a3ac-9ba2-488c-808a-c32299e059fe",
		"name": "mail-n-ar",
		"schema": "https://schema.getpostman.com/json/collection/v2.1.0/collection.json"
	},
	"item": [
		{
			"name": "Rate Request",
			"request": {
				"method": "POST",
				"header": [],
				"body": {
					"mode": "raw",
					"raw": "{\r\n    \"shipper\": {\r\n        \"address\": {\r\n            \"postalCode\": 8099,\r\n            \"countryCode\": \"CH\"\r\n        }\r\n    },\r\n    \"recipient\": {\r\n        \"address\": {\r\n            \"postalCode\": 2116,\r\n            \"countryCode\": \"AU\"\r\n        }\r\n    },\r\n    \"shipDateStamp\": \"2022-04-29\",\r\n    \"pickupType\": \"DROPOFF_AT_FEDEX_LOCATION\",\r\n    \"serviceType\": \"INTERNATIONAL_PRIORITY\",\r\n    \"weight\": {\r\n        \"units\": \"KG\",\r\n        \"value\": 11\r\n    }\r\n}",
					"options": {
						"raw": {
							"language": "json"
						}
					}
				},
				"url": {
					"raw": "http://localhost:5000/mail/request_rate/international_return_rate_quotes",
					"protocol": "http",
					"host": [
						"localhost"
					],
					"port": "5000",
					"path": [
						"mail",
						"request_rate",
						"international_return_rate_quotes"
					]
				}
			},
			"response": []
		},
		{
			"name": "Craete Shipment",
			"request": {
				"method": "POST",
				"header": [],
				"body": {
					"mode": "raw",
					"raw": "{\r\n    \"shipper\": {\r\n        \"contact\": {\r\n            \"personName\": \"Hassan\",\r\n            \"phoneNumber\": 1234567890\r\n        },\r\n        \"address\": {\r\n            \"streetLines\": [\r\n                \"SHIPPER STREET LINE 1\"\r\n            ],\r\n            \"city\": \"Memphis\",\r\n            \"postalCode\": \"38116\",\r\n            \"stateOrProvinceCode\": \"TN\",\r\n            \"countryCode\": \"US\"\r\n        }\r\n    },\r\n    \"recipients\": {\r\n        \"contact\": {\r\n            \"personName\": \"Omair\",\r\n            \"phoneNumber\": 1234567890\r\n        },\r\n        \"address\": {\r\n            \"streetLines\": [\r\n                \"SHIPPER STREET LINE 1\",\r\n                \"RECIPIENT STREET LINE 2\",\r\n                \"RECIPIENT STREET LINE 3\"\r\n            ],\r\n            \"city\": \"RICHMOND\",\r\n            \"postalCode\": \"V7C4V7\",\r\n            \"stateOrProvinceCode\": \"BC\",\r\n            \"countryCode\": \"CA\"\r\n        }\r\n    },\r\n    \"shipDatestamp\": \"2022-04-29\",\r\n    \"serviceType\": \"INTERNATIONAL_PRIORITY\",\r\n    \"packagingType\": \"YOUR_PACKAGING\",\r\n    \"pickupType\": \"USE_SCHEDULED_PICKUP\",\r\n    \"customsClearanceDetail\": {\r\n        \"dutiesPayment\": {\r\n            \"paymentType\": \"SENDER\"\r\n        },\r\n        \"isDocumentOnly\": false,\r\n        \"commodities\": [\r\n            {\r\n                \"description\": \"Commodity description\",\r\n                \"countryOfManufacture\": \"US\",\r\n                \"quantity\": 1,\r\n                \"quantityUnits\": \"PCS\",\r\n                \"unitPrice\": {\r\n                    \"amount\": 100,\r\n                    \"currency\": \"USD\"\r\n                },\r\n                \"customsValue\": {\r\n                    \"amount\": 100,\r\n                    \"currency\": \"USD\"\r\n                },\r\n                \"weight\": {\r\n                    \"units\": \"LB\",\r\n                    \"value\": 20\r\n                }\r\n            }\r\n        ]\r\n    },\r\n    \"weight\": {\r\n        \"units\": \"LB\",\r\n        \"value\": 70\r\n    }\r\n}",
					"options": {
						"raw": {
							"language": "json"
						}
					}
				},
				"url": {
					"raw": "http://localhost:5000/mail/create_shipment/international_shipment",
					"protocol": "http",
					"host": [
						"localhost"
					],
					"port": "5000",
					"path": [
						"mail",
						"create_shipment",
						"international_shipment"
					]
				}
			},
			"response": []
		},
		{
			"name": "Save Orders",
			"request": {
				"method": "POST",
				"header": [],
				"body": {
					"mode": "raw",
					"raw": "{\r\n    \"uid\": \"WNaagmVShQYU4at5ZEaoo1WdLTE2\",\r\n    \"transactionId\": \"e2f6c9aa-af1e-4930-84b2-67696879df0f\",\r\n    \"order\": {\r\n        \"data\": \"this is data\"\r\n    }\r\n}",
					"options": {
						"raw": {
							"language": "json"
						}
					}
				},
				"url": {
					"raw": "http://localhost:5000/user/save_order",
					"protocol": "http",
					"host": [
						"localhost"
					],
					"port": "5000",
					"path": [
						"user",
						"save_order"
					]
				}
			},
			"response": []
		},
		{
			"name": "get my Order",
			"request": {
				"method": "GET",
				"header": [],
				"url": {
					"raw": "http://localhost:5000/user/get_orders?uid=WNaagmVShQYU4at5ZEaoo1WdLTE2&transactionId=e2f6c9aa-af1e-4930-84b2-67696879df0f",
					"protocol": "http",
					"host": [
						"localhost"
					],
					"port": "5000",
					"path": [
						"user",
						"get_orders"
					],
					"query": [
						{
							"key": "uid",
							"value": "WNaagmVShQYU4at5ZEaoo1WdLTE2"
						},
						{
							"key": "transactionId",
							"value": "e2f6c9aa-af1e-4930-84b2-67696879df0f"
						}
					]
				}
			},
			"response": []
		},
		{
			"name": "Register",
			"request": {
				"method": "POST",
				"header": [],
				"body": {
					"mode": "raw",
					"raw": "{\r\n    \"fullName\": \"Hassan Sohail\",\r\n    \"email\": \"gokulast14@gmail.com\",\r\n    \"password\": \"pAss1234!@\"\r\n}",
					"options": {
						"raw": {
							"language": "json"
						}
					}
				},
				"url": {
					"raw": "http://localhost:5000/auth/register",
					"protocol": "http",
					"host": [
						"localhost"
					],
					"port": "5000",
					"path": [
						"auth",
						"register"
					]
				}
			},
			"response": []
		}
	]
}